Nom du produit,Lien du produit,Image du produit
Nom du produit non trouvé,https://eliquide-diy.fr/my-account/,Image du produit non trouvée
Nom du produit non trouvé,https://eliquide-diy.fr/my-account/,Image du produit non trouvée
Nom du produit non trouvé,https://eliquide-diy.fr/my-account/orders/,Image du produit non trouvée
Nom du produit non trouvé,https://eliquide-diy.fr/my-account/,Image du produit non trouvée
Nom du produit non trouvé,https://eliquide-diy.fr/my-account/orders/,Image du produit non trouvée
Nom du produit non trouvé,https://eliquide-diy.fr/categorie-produit/e-liquides-pas-cher/e-liquides-fr/origin-vape/,Image du produit non trouvée
Nom du produit non trouvé,https://eliquide-diy.fr/my-account/,Image du produit non trouvée
Nom du produit non trouvé,https://eliquide-diy.fr/my-account/orders/,Image du produit non trouvée
E-liquide MB Light 10ml Juice Vapor,https://eliquide-diy.fr/produit/e-liquides-pas-cher/e-liquides-fr/juice-vapor/tabac-mb/,Image du produit non trouvée
Nom du produit non trouvé,https://eliquide-diy.fr/produit/e-liquides-pas-cher/e-liquides-fr/juice-vapor/tabac-mb/,Image du produit non trouvée
E-liquide MB Light 10ml Juice Vapor,https://eliquide-diy.fr/produit/e-liquides-pas-cher/e-liquides-fr/juice-vapor/tabac-mb/,Image du produit non trouvée
Nom du produit non trouvé,Lien du produit non trouvé,Image du produit non trouvée
Nom du produit non trouvé,#,Image du produit non trouvée
Nom du produit non trouvé,https://eliquide-diy.fr/produit/e-liquides-pas-cher/e-liquides-fr/juice-vapor/tabac-gourmand/,Image du produit non trouvée
E-liquide Classic gourmand 10ml Juice Vapor,https://eliquide-diy.fr/produit/e-liquides-pas-cher/e-liquides-fr/juice-vapor/tabac-gourmand/,Image du produit non trouvée
Nom du produit non trouvé,Lien du produit non trouvé,Image du produit non trouvée
Nom du produit non trouvé,#,Image du produit non trouvée
Nom du produit non trouvé,https://eliquide-diy.fr/produit/e-liquides-pas-cher/e-liquides-fr/juice-vapor/tri-bk/,Image du produit non trouvée
E-liquide TRI-BK 10ml Juice Vapor,https://eliquide-diy.fr/produit/e-liquides-pas-cher/e-liquides-fr/juice-vapor/tri-bk/,Image du produit non trouvée
Nom du produit non trouvé,Lien du produit non trouvé,Image du produit non trouvée
Nom du produit non trouvé,#,Image du produit non trouvée
Nom du produit non trouvé,https://eliquide-diy.fr/produit/e-liquides-pas-cher/e-liquides-fr/4you/e-liquide-cowboy-blend-4you/,Image du produit non trouvée
E-liquide 2€ COWBOY BLEND 4You,https://eliquide-diy.fr/produit/e-liquides-pas-cher/e-liquides-fr/4you/e-liquide-cowboy-blend-4you/,Image du produit non trouvée
Nom du produit non trouvé,Lien du produit non trouvé,Image du produit non trouvée
Nom du produit non trouvé,#,Image du produit non trouvée
Nom du produit non trouvé,https://eliquide-diy.fr/produit/e-liquides-pas-cher/e-liquides-fr/4you/e-liquide-gold-tobacco-4you/,Image du produit non trouvée
E-liquide 2€ GOLD TOBACCO 4You,https://eliquide-diy.fr/produit/e-liquides-pas-cher/e-liquides-fr/4you/e-liquide-gold-tobacco-4you/,Image du produit non trouvée
Nom du produit non trouvé,Lien du produit non trouvé,Image du produit non trouvée
Nom du produit non trouvé,#,Image du produit non trouvée
Nom du produit non trouvé,https://eliquide-diy.fr/produit/e-liquides-pas-cher/e-liquides-fr/4you/e-liquide-pure-tobacco-4you/,Image du produit non trouvée
E-liquide 2€ PURE TOBACCO 4You,https://eliquide-diy.fr/produit/e-liquides-pas-cher/e-liquides-fr/4you/e-liquide-pure-tobacco-4you/,Image du produit non trouvée
Nom du produit non trouvé,Lien du produit non trouvé,Image du produit non trouvée
Nom du produit non trouvé,#,Image du produit non trouvée
Nom du produit non trouvé,https://eliquide-diy.fr/produit/e-liquides-pas-cher/e-liquides-fr/4you/e-liquide-tobacco-blend-4you/,Image du produit non trouvée
E-liquide 2€ TOBACCO BLEND 4You,https://eliquide-diy.fr/produit/e-liquides-pas-cher/e-liquides-fr/4you/e-liquide-tobacco-blend-4you/,Image du produit non trouvée
Nom du produit non trouvé,Lien du produit non trouvé,Image du produit non trouvée
Nom du produit non trouvé,#,Image du produit non trouvée
Nom du produit non trouvé,https://eliquide-diy.fr/produit/e-liquides-pas-cher/e-liquides-fr/4you/e-liquide-usa-mix-4you/,Image du produit non trouvée
E-liquide 2€ USA MIX 4You,https://eliquide-diy.fr/produit/e-liquides-pas-cher/e-liquides-fr/4you/e-liquide-usa-mix-4you/,Image du produit non trouvée
Nom du produit non trouvé,Lien du produit non trouvé,Image du produit non trouvée
Nom du produit non trouvé,#,Image du produit non trouvée
Nom du produit non trouvé,https://eliquide-diy.fr/produit/e-liquides-pas-cher/e-liquides-fr/premium-770/tabac-blond-gourmand/,Image du produit non trouvée
E-Liquide Blond Gourmand 10ml 770 PREMIUM,https://eliquide-diy.fr/produit/e-liquides-pas-cher/e-liquides-fr/premium-770/tabac-blond-gourmand/,Image du produit non trouvée
Nom du produit non trouvé,Lien du produit non trouvé,Image du produit non trouvée
Nom du produit non trouvé,#,Image du produit non trouvée
Nom du produit non trouvé,https://eliquide-diy.fr/produit/e-liquides-pas-cher/e-liquides-fr/premium-770/tabac-blond-americain/,Image du produit non trouvée
E-Liquide Blond Américain 10ml 770 PREMIUM,https://eliquide-diy.fr/produit/e-liquides-pas-cher/e-liquides-fr/premium-770/tabac-blond-americain/,Image du produit non trouvée
Nom du produit non trouvé,Lien du produit non trouvé,Image du produit non trouvée
Nom du produit non trouvé,#,Image du produit non trouvée
Nom du produit non trouvé,https://eliquide-diy.fr/produit/e-liquides-pas-cher/tabac-du-desert/,Image du produit non trouvée
E-Liquide Classic Désert 10ml 770 PREMIUM,https://eliquide-diy.fr/produit/e-liquides-pas-cher/tabac-du-desert/,Image du produit non trouvée
Nom du produit non trouvé,Lien du produit non trouvé,Image du produit non trouvée
Nom du produit non trouvé,#,Image du produit non trouvée
Nom du produit non trouvé,https://eliquide-diy.fr/produit/e-liquides-pas-cher/e-liquides-fr/premium-770/tabac-d-dof/,Image du produit non trouvée
E-Liquide Tabac D-DOF 10ml 770 PREMIUM,https://eliquide-diy.fr/produit/e-liquides-pas-cher/e-liquides-fr/premium-770/tabac-d-dof/,Image du produit non trouvée
Nom du produit non trouvé,Lien du produit non trouvé,Image du produit non trouvée
Nom du produit non trouvé,#,Image du produit non trouvée
Nom du produit non trouvé,https://eliquide-diy.fr/produit/e-liquides-pas-cher/e-liquides-fr/premium-770/tabac-gold/,Image du produit non trouvée
E-Liquide Classic Gold 10ml 770 PREMIUM,https://eliquide-diy.fr/produit/e-liquides-pas-cher/e-liquides-fr/premium-770/tabac-gold/,Image du produit non trouvée
Nom du produit non trouvé,Lien du produit non trouvé,Image du produit non trouvée
Nom du produit non trouvé,#,Image du produit non trouvée
Nom du produit non trouvé,https://eliquide-diy.fr/produit/e-liquides-pas-cher/e-liquides-fr/premium-770/tabac-k/,Image du produit non trouvée
E-Liquide Classic K 10ml 770 PREMIUM,https://eliquide-diy.fr/produit/e-liquides-pas-cher/e-liquides-fr/premium-770/tabac-k/,Image du produit non trouvée
Nom du produit non trouvé,Lien du produit non trouvé,Image du produit non trouvée
Nom du produit non trouvé,#,Image du produit non trouvée
Nom du produit non trouvé,https://eliquide-diy.fr/produit/e-liquides-pas-cher/e-liquides-fr/premium-770/tabac-luckys/,Image du produit non trouvée
E-Liquide Lucky’s 10ml 770 PREMIUM,https://eliquide-diy.fr/produit/e-liquides-pas-cher/e-liquides-fr/premium-770/tabac-luckys/,Image du produit non trouvée
Nom du produit non trouvé,Lien du produit non trouvé,Image du produit non trouvée
Nom du produit non trouvé,#,Image du produit non trouvée
Nom du produit non trouvé,https://eliquide-diy.fr/produit/e-liquides-pas-cher/e-liquides-fr/premium-770/tabac-filmo/,Image du produit non trouvée
E-Liquide Classic Filmo 10ml 770 PREMIUM,https://eliquide-diy.fr/produit/e-liquides-pas-cher/e-liquides-fr/premium-770/tabac-filmo/,Image du produit non trouvée
Nom du produit non trouvé,Lien du produit non trouvé,Image du produit non trouvée
Nom du produit non trouvé,#,Image du produit non trouvée
Nom du produit non trouvé,https://eliquide-diy.fr/produit/e-liquides-pas-cher/e-liquides-fr/premium-770/tabac-w/,Image du produit non trouvée
E-Liquide Classic W 10ml 770 PREMIUM,https://eliquide-diy.fr/produit/e-liquides-pas-cher/e-liquides-fr/premium-770/tabac-w/,Image du produit non trouvée
Nom du produit non trouvé,Lien du produit non trouvé,Image du produit non trouvée
Nom du produit non trouvé,#,Image du produit non trouvée
Nom du produit non trouvé,https://eliquide-diy.fr/produit/e-liquides-pas-cher/e-liquides-fr/premium-770/tabac-sugar-dream/,Image du produit non trouvée
E-Liquide Classic Sugar Dream 10ml 770 PREMIUM,https://eliquide-diy.fr/produit/e-liquides-pas-cher/e-liquides-fr/premium-770/tabac-sugar-dream/,Image du produit non trouvée
Nom du produit non trouvé,Lien du produit non trouvé,Image du produit non trouvée
Nom du produit non trouvé,#,Image du produit non trouvée
Nom du produit non trouvé,https://eliquide-diy.fr/produit/e-liquides-pas-cher/eliquide-mlb-light-6garettes/,Image du produit non trouvée
Eliquide MLB Light – 6GARETTES,https://eliquide-diy.fr/produit/e-liquides-pas-cher/eliquide-mlb-light-6garettes/,Image du produit non trouvée
Nom du produit non trouvé,Lien du produit non trouvé,Image du produit non trouvée
Nom du produit non trouvé,#,Image du produit non trouvée
Nom du produit non trouvé,https://eliquide-diy.fr/produit/e-liquides-pas-cher/e-liquides-fr/eliquide-usa-mix-6garettes/,Image du produit non trouvée
Eliquide USA-MIX – 6GARETTES,https://eliquide-diy.fr/produit/e-liquides-pas-cher/e-liquides-fr/eliquide-usa-mix-6garettes/,Image du produit non trouvée
Nom du produit non trouvé,Lien du produit non trouvé,Image du produit non trouvée
Nom du produit non trouvé,#,Image du produit non trouvée
Nom du produit non trouvé,https://eliquide-diy.fr/produit/e-liquides-pas-cher/e-liquide-6garettes-gout-mlb-light/,Image du produit non trouvée
E liquide 6garettes MLB light,https://eliquide-diy.fr/produit/e-liquides-pas-cher/e-liquide-6garettes-gout-mlb-light/,Image du produit non trouvée
Nom du produit non trouvé,Lien du produit non trouvé,Image du produit non trouvée
Nom du produit non trouvé,#,Image du produit non trouvée
Nom du produit non trouvé,https://eliquide-diy.fr/produit/e-liquides-pas-cher/e-liquide-6garettes-gout-mlb-red/,Image du produit non trouvée
E liquide 6garettes MLB red,https://eliquide-diy.fr/produit/e-liquides-pas-cher/e-liquide-6garettes-gout-mlb-red/,Image du produit non trouvée
Nom du produit non trouvé,Lien du produit non trouvé,Image du produit non trouvée
Nom du produit non trouvé,#,Image du produit non trouvée
Nom du produit non trouvé,https://eliquide-diy.fr/produit/e-liquides-pas-cher/e-liquide-6garettes-gout-tabac-usa-mix/,Image du produit non trouvée
E liquide 6garettes Classic USA-Mix,https://eliquide-diy.fr/produit/e-liquides-pas-cher/e-liquide-6garettes-gout-tabac-usa-mix/,Image du produit non trouvée
Nom du produit non trouvé,Lien du produit non trouvé,Image du produit non trouvée
Nom du produit non trouvé,#,Image du produit non trouvée
Nom du produit non trouvé,https://eliquide-diy.fr/produit/e-liquides-pas-cher/e-liquide-6garettes-gout-tabac-menthole/,Image du produit non trouvée
E liquide 6garettes Classic mentholé,https://eliquide-diy.fr/produit/e-liquides-pas-cher/e-liquide-6garettes-gout-tabac-menthole/,Image du produit non trouvée
Nom du produit non trouvé,Lien du produit non trouvé,Image du produit non trouvée
Nom du produit non trouvé,#,Image du produit non trouvée
Nom du produit non trouvé,https://eliquide-diy.fr/produit/e-liquides-pas-cher/e-liquide-6garettes-gout-tabac-white-box/,Image du produit non trouvée
E liquide 6garettes Classic white box,https://eliquide-diy.fr/produit/e-liquides-pas-cher/e-liquide-6garettes-gout-tabac-white-box/,Image du produit non trouvée
Nom du produit non trouvé,Lien du produit non trouvé,Image du produit non trouvée
Nom du produit non trouvé,#,Image du produit non trouvée
Nom du produit non trouvé,https://eliquide-diy.fr/produit/e-liquides-pas-cher/e-liquide-6garettes-gout-tabac-gold-box/,Image du produit non trouvée
E liquide 6garettes Classic gold box,https://eliquide-diy.fr/produit/e-liquides-pas-cher/e-liquide-6garettes-gout-tabac-gold-box/,Image du produit non trouvée
Nom du produit non trouvé,Lien du produit non trouvé,Image du produit non trouvée
Nom du produit non trouvé,#,Image du produit non trouvée
Nom du produit non trouvé,https://eliquide-diy.fr/produit/e-liquides-pas-cher/e-liquide-6garettes-gout-tabac-black-box-jps/,Image du produit non trouvée
E liquide 6garettes Classic black box (JPS),https://eliquide-diy.fr/produit/e-liquides-pas-cher/e-liquide-6garettes-gout-tabac-black-box-jps/,Image du produit non trouvée
Nom du produit non trouvé,Lien du produit non trouvé,Image du produit non trouvée
Nom du produit non trouvé,#,Image du produit non trouvée
Nom du produit non trouvé,https://eliquide-diy.fr/produit/e-liquides-pas-cher/e-liquide-6garettes-gout-tabac-cuba-mix/,Image du produit non trouvée
E liquide 6garettes Classic cuba-mix,https://eliquide-diy.fr/produit/e-liquides-pas-cher/e-liquide-6garettes-gout-tabac-cuba-mix/,Image du produit non trouvée
Nom du produit non trouvé,Lien du produit non trouvé,Image du produit non trouvée
Nom du produit non trouvé,#,Image du produit non trouvée
Nom du produit non trouvé,#,Image du produit non trouvée
Nom du produit non trouvé,#,Image du produit non trouvée
Nom du produit non trouvé,https://www.disney.fr/,Image du produit non trouvée
